{"roc_auc_score train": 0.9485983899053183, "roc_auc_score test": 0.8081525228306015, "delta": [17, 1]}